,data,data source,Dataset ID,Dataset Name,Link to Paper
0,Small_Intestine_CxG_Portal,CxG,1b9d8702-5af8-4142-85ed-020eb06ec4f6.csv,Global,http://dx.doi.org/10.1177/102425890601200321
1,Small_Intestine_CxG_Portal,CxG,53d208b0-2cfd-4366-9866-c3c6114081bc.csv,Tabula Sapiens - All Cells,http://dx.doi.org/10.1002/ajmg.a.61700
2,Uterus_CxG_Portal,CxG,53d208b0-2cfd-4366-9866-c3c6114081bc.csv,Tabula Sapiens - All Cells,http://dx.doi.org/10.1002/ajmg.a.61700
3,Lymph_Node_HuBMAP_Portal,HuBMAP,CODEX_Florida_19-003-lymph-node-R2.csv,,
4,Lymph_Node_HuBMAP_Portal,HuBMAP,CODEX_Florida_20-008-lymphnode10_righthalf.csv,,
5,Skin_GTEx_Portal,GTEx,GTEX-1CAMR-5015.csv,,
6,Skin_GTEx_Portal,GTEx,GTEX-1HSMQ-5007.csv,,
7,Skin_GTEx_Portal,GTEx,GTEX-15EOM-5003.csv,,
8,Thoracic_Lymph_Node_CxG_Portal,CxG,1b9d8702-5af8-4142-85ed-020eb06ec4f6.csv,Global,http://dx.doi.org/10.1177/102425890601200321
9,Breast_GTEx_Portal,GTEx,GTEX-1CAMS-5015.csv,,
10,Breast_GTEx_Portal,GTEx,GTEX-1MCC2-5013.csv,,
11,Breast_GTEx_Portal,GTEx,GTEX-1R9PN-5002.csv,,
12,Large_Intestine_CxG_Portal,CxG,4506d9e3-4543-4464-aeae-b0b04eee1cea.csv,Spatiotemporal analysis of human intestinal development at single-cell resolution: Adult A1,http://dx.doi.org/10.1016/j.cell.2020.12.016
13,Large_Intestine_CxG_Portal,CxG,1b9d8702-5af8-4142-85ed-020eb06ec4f6.csv,Global,http://dx.doi.org/10.1177/102425890601200321
14,Large_Intestine_CxG_Portal,CxG,9dfd2243-74d6-4924-86bd-c206ca9287b1.csv,Spatiotemporal analysis of human intestinal development at single-cell resolution: Adult A2,http://dx.doi.org/10.1016/j.cell.2020.12.016
15,Large_Intestine_CxG_Portal,CxG,53d208b0-2cfd-4366-9866-c3c6114081bc.csv,Tabula Sapiens - All Cells,http://dx.doi.org/10.1002/ajmg.a.61700
16,Lung_GTEx_Portal,GTEx,GTEX-15CHR-5005.csv,,
17,Lung_GTEx_Portal,GTEx,GTEX-13N11-5030.csv,,
18,Lung_GTEx_Portal,GTEx,GTEX-1HSMQ-5005.csv,,
19,Eye_CxG_Portal,CxG,aad97cb5-f375-45ef-ae9d-178e7f5d5180.csv,Retinal ganglion cells in human retina,http://dx.doi.org/10.3389/fneur.2021.636330
20,Eye_CxG_Portal,CxG,f7c1c579-2dc0-47e2-ba19-8165c5a0e353.csv,Survey of human embryonic development,http://dx.doi.org/10.1126/science.365.6451.337-b
21,Eye_CxG_Portal,CxG,d5c67a4e-a8d9-456d-a273-fa01adb1b308.csv,Retina,http://dx.doi.org/10.1109/camp.1993.622469
22,Eye_CxG_Portal,CxG,53d208b0-2cfd-4366-9866-c3c6114081bc.csv,Tabula Sapiens - All Cells,http://dx.doi.org/10.1002/ajmg.a.61700
23,Eye_CxG_Portal,CxG,0129dbd9-a7d3-4f6b-96b9-1da155a93748.csv,All major cell types in adult human retina,http://dx.doi.org/10.1126/science.2449732
24,Intestine_CxG_Portal,CxG,08e94873-c2a6-4f7d-ab72-aeaff3e3f929.csv,Spatiotemporal analysis of human intestinal development at single-cell resolution: Fetal A7,http://dx.doi.org/10.1016/j.cell.2020.12.016
25,Intestine_CxG_Portal,CxG,b9b4cf27-9c22-410d-8bd8-5d43e379485b.csv,Spatiotemporal analysis of human intestinal development at single-cell resolution: Fetal A9,http://dx.doi.org/10.1016/j.cell.2020.12.016
26,Intestine_CxG_Portal,CxG,f7c1c579-2dc0-47e2-ba19-8165c5a0e353.csv,Survey of human embryonic development,http://dx.doi.org/10.1126/science.365.6451.337-b
27,Intestine_CxG_Portal,CxG,2d66790a-6621-4a49-8f0d-4002db5cc98d.csv,Spatiotemporal analysis of human intestinal development at single-cell resolution: Fetal A8,http://dx.doi.org/10.1016/j.cell.2020.12.016
28,Intestine_CxG_Portal,CxG,abd889c6-f60a-4fbd-924e-ee1e9dcf909b.csv,Spatiotemporal analysis of human intestinal development at single-cell resolution: Fetal A4,http://dx.doi.org/10.1016/j.cell.2020.12.016
29,Intestine_CxG_Portal,CxG,aa0b5adb-957d-4f15-ab83-2c5cc2843f77.csv,Spatiotemporal analysis of human intestinal development at single-cell resolution: Fetal A6,http://dx.doi.org/10.1016/j.cell.2020.12.016
30,Intestine_CxG_Portal,CxG,774de9c6-9752-4e39-89a9-2a88c869d52a.csv,Spatiotemporal analysis of human intestinal development at single-cell resolution: Fetal A3,http://dx.doi.org/10.1016/j.cell.2020.12.016
31,Intestine_CxG_Portal,CxG,9d5df009-eb76-43a3-b6cd-22017cc53700.csv,Spatiotemporal analysis of human intestinal development at single-cell resolution: All cells,http://dx.doi.org/10.1016/j.cell.2020.12.016
32,Anterior_Part_Of_Tongue_CxG_Portal,CxG,53d208b0-2cfd-4366-9866-c3c6114081bc.csv,Tabula Sapiens - All Cells,http://dx.doi.org/10.1002/ajmg.a.61700
33,Kidney_Blue_Lake,Blue_Lake,HBM399.TFTQ.282.csv,,
34,Kidney_Blue_Lake,Blue_Lake,HBM382.HNKL.447.csv,,
35,Kidney_Blue_Lake,Blue_Lake,HBM797.PDPS.368.csv,,
36,Kidney_Blue_Lake,Blue_Lake,ASCT+B.csv,,
37,Kidney_Blue_Lake,Blue_Lake,HBM839.TQNM.958.csv,,
38,Kidney_Blue_Lake,Blue_Lake,18-142.csv,,
39,Kidney_Blue_Lake,Blue_Lake,HBM773.WCXC.264.csv,,
40,Kidney_Blue_Lake,Blue_Lake,HBM264.RWRW.668.csv,,
41,Kidney_Blue_Lake,Blue_Lake,HBM665.PTMR.889.csv,,
42,Kidney_Blue_Lake,Blue_Lake,HBM358.KDDT.729.csv,,
43,Kidney_Blue_Lake,Blue_Lake,KPMP CellxGene.csv,,
44,Kidney_Blue_Lake,Blue_Lake,HBM992.XNZH.647.csv,,
45,Kidney_Blue_Lake,Blue_Lake,HBM892.MXFF.848.csv,,
46,Kidney_Blue_Lake,Blue_Lake,HBM224.GLDC.549.csv,,
47,Kidney_Blue_Lake,Blue_Lake,HBM764.ZCQR.585.csv,,
48,Kidney_Blue_Lake,Blue_Lake,Azimuth (L3).csv,,
49,Kidney_Blue_Lake,Blue_Lake,18-312.csv,,
50,Kidney_Blue_Lake,Blue_Lake,HBM574.NFCS.842.csv,,
51,Kidney_Blue_Lake,Blue_Lake,HBM578.SRZG.769.csv,,
52,Kidney_Blue_Lake,Blue_Lake,HBM537.LTFK.379.csv,,
53,Kidney_Blue_Lake,Blue_Lake,HBM982.TPNQ.737.csv,,
54,Kidney_Blue_Lake,Blue_Lake,HBM432.BPZM.698.csv,,
55,Kidney_Blue_Lake,Blue_Lake,HBM375.ZKZZ.765.csv,,
56,Kidney_Blue_Lake,Blue_Lake,18-162.csv,,
57,Bone_Marrow_Azimuth,Azimuth,celltype_l2.csv,,
58,Bone_Marrow_Azimuth,Azimuth,celltype_l1.csv,,
59,Omentum_CxG_Portal,CxG,1b9d8702-5af8-4142-85ed-020eb06ec4f6.csv,Global,http://dx.doi.org/10.1177/102425890601200321
60,Lung_Azimuth,Azimuth,v1_annotation_l1.csv,,
61,Lung_Azimuth,Azimuth,v1_annotation_l2.csv,,
62,Lung_Azimuth,Azimuth,v2_ann_level_1.csv,,
63,Lung_Azimuth,Azimuth,v2_ann_level_3.csv,,
64,Lung_Azimuth,Azimuth,v2_ann_level_2.csv,,
65,Lung_Azimuth,Azimuth,v2_ann_level_5.csv,,
66,Lung_Azimuth,Azimuth,v2_ann_level_4.csv,,
67,Lung_Azimuth,Azimuth,v2_ann_finest_level.csv,,
68,Rectus_Abdominis_Muscle_CxG_Portal,CxG,53d208b0-2cfd-4366-9866-c3c6114081bc.csv,Tabula Sapiens - All Cells,http://dx.doi.org/10.1002/ajmg.a.61700
69,Brain_Motor_Cortex_NeMO_Data_Portal,NeMo,10X160-7.csv,,
70,Brain_Motor_Cortex_NeMO_Data_Portal,NeMo,10X159-3.csv,,
71,Brain_Motor_Cortex_NeMO_Data_Portal,NeMo,10X159-2.csv,,
72,Brain_Motor_Cortex_NeMO_Data_Portal,NeMo,10X160-6.csv,,
73,Brain_Motor_Cortex_NeMO_Data_Portal,NeMo,10X159-1.csv,,
74,Brain_Motor_Cortex_NeMO_Data_Portal,NeMo,10X160-5.csv,,
75,Brain_Motor_Cortex_NeMO_Data_Portal,NeMo,10X160-1.csv,,
76,Brain_Motor_Cortex_NeMO_Data_Portal,NeMo,10X159-5.csv,,
77,Brain_Motor_Cortex_NeMO_Data_Portal,NeMo,10X159-4.csv,,
78,Brain_Motor_Cortex_NeMO_Data_Portal,NeMo,10X160-2.csv,,
79,Brain_Motor_Cortex_NeMO_Data_Portal,NeMo,10X159-6.csv,,
80,Brain_Motor_Cortex_NeMO_Data_Portal,NeMo,10X159-7.csv,,
81,Brain_Motor_Cortex_NeMO_Data_Portal,NeMo,10X160-3.csv,,
82,Brain_Motor_Cortex_NeMO_Data_Portal,NeMo,10X160-8.csv,,
83,Skin_CxG_Portal,CxG,53d208b0-2cfd-4366-9866-c3c6114081bc.csv,Tabula Sapiens - All Cells,http://dx.doi.org/10.1002/ajmg.a.61700
84,Urinary_Bladder_CxG_Portal,CxG,53d208b0-2cfd-4366-9866-c3c6114081bc.csv,Tabula Sapiens - All Cells,http://dx.doi.org/10.1002/ajmg.a.61700
85,Kidney_CxG_Portal,CxG,7f479f74-5a7e-4666-9f0d-3af0b341eb0d.csv,Spatial transcriptomics in the healthy human kidney: Puck_200104_20,http://dx.doi.org/10.1097/mnh.0000000000000781
86,Kidney_CxG_Portal,CxG,dd49aae6-274c-4d8b-9bf6-025627fdf39e.csv,Spatial transcriptomics in the healthy human kidney: Puck_200115_16,http://dx.doi.org/10.1097/mnh.0000000000000781
87,Kidney_CxG_Portal,CxG,df4f1358-4a19-44f5-b136-bc7274c29789.csv,Spatial transcriptomics in the healthy human kidney: Puck_200115_12,http://dx.doi.org/10.1097/mnh.0000000000000781
88,Kidney_CxG_Portal,CxG,6d62fc4d-052e-4bb4-92ed-55785502a02c.csv,Spatial transcriptomics in the healthy human kidney: Puck_200115_18,http://dx.doi.org/10.1097/mnh.0000000000000781
89,Kidney_CxG_Portal,CxG,0737011b-45a6-49f6-8b5a-b85c35160bac.csv,Spatial transcriptomics in the healthy human kidney: Puck_200113_10,http://dx.doi.org/10.1097/mnh.0000000000000781
90,Kidney_CxG_Portal,CxG,f425376b-bc86-44fd-936f-c43c0c64bf4f.csv,Spatial transcriptomics in the healthy human kidney: Puck_200104_19,http://dx.doi.org/10.1097/mnh.0000000000000781
91,Kidney_CxG_Portal,CxG,5c451b91-eb50-47f9-a268-467018a09023.csv,Spatial transcriptomics in the healthy human kidney: Puck_200205_16,http://dx.doi.org/10.1097/mnh.0000000000000781
92,Kidney_CxG_Portal,CxG,88b7da92-178d-4f27-bc18-b0165b256c67.csv,Spatial transcriptomics in the healthy human kidney: Puck_200903_13,http://dx.doi.org/10.1097/mnh.0000000000000781
93,Kidney_CxG_Portal,CxG,f7c1c579-2dc0-47e2-ba19-8165c5a0e353.csv,Survey of human embryonic development,http://dx.doi.org/10.1126/science.365.6451.337-b
94,Kidney_CxG_Portal,CxG,28ab6eb8-dfa4-4536-9f26-7e06c1b98e8e.csv,Spatial transcriptomics in the healthy human kidney: Puck_200104_15,http://dx.doi.org/10.1097/mnh.0000000000000781
95,Kidney_CxG_Portal,CxG,d98ea49e-b70d-4434-b850-bbe217c9b66e.csv,Spatial transcriptomics in the healthy human kidney: Puck_200115_17,http://dx.doi.org/10.1097/mnh.0000000000000781
96,Kidney_CxG_Portal,CxG,6a7c4462-334e-45a4-8aa4-28d3733bbbac.csv,Spatial transcriptomics in the healthy human kidney: Puck_200121_03,http://dx.doi.org/10.1097/mnh.0000000000000781
97,Kidney_CxG_Portal,CxG,5f84ba14-4431-4d49-a88f-514cad5a30c8.csv,Spatial transcriptomics in the healthy human kidney: Puck_200104_21,http://dx.doi.org/10.1097/mnh.0000000000000781
98,Kidney_CxG_Portal,CxG,0738f538-ff2f-4346-b2eb-72704c291188.csv,Spatial transcriptomics in the healthy human kidney: Puck_200113_12,http://dx.doi.org/10.1097/mnh.0000000000000781
99,Kidney_CxG_Portal,CxG,4ebe33a1-c8ba-4238-9724-bd8b3a977521.csv,Spatial transcriptomics in the healthy human kidney: Puck_200131_26,http://dx.doi.org/10.1097/mnh.0000000000000781
100,Kidney_CxG_Portal,CxG,c97f9167-f7f7-40d4-babf-a47663290c09.csv,Spatial transcriptomics in the healthy human kidney: Puck_200205_19,http://dx.doi.org/10.1097/mnh.0000000000000781
101,Kidney_CxG_Portal,CxG,0f68a90c-afc0-46dc-ad88-cf63a9fc5b56.csv,Spatial transcriptomics in the healthy human kidney: Puck_200205_13,http://dx.doi.org/10.1097/mnh.0000000000000781
102,Kidney_CxG_Portal,CxG,deb385b8-8030-42a4-af1f-aa28932c7344.csv,Spatial transcriptomics in the healthy human kidney: Puck_200115_06,http://dx.doi.org/10.1097/mnh.0000000000000781
103,Kidney_CxG_Portal,CxG,02f8bb42-0322-4906-b9ad-b92a5ce73a2d.csv,Spatial transcriptomics in the healthy human kidney: Puck_200115_10,http://dx.doi.org/10.1097/mnh.0000000000000781
104,Kidney_CxG_Portal,CxG,9df7a9ce-4298-4d65-9e89-33d83ac8bb69.csv,Spatial transcriptomics in the healthy human kidney: Puck_200903_12,http://dx.doi.org/10.1097/mnh.0000000000000781
105,Kidney_CxG_Portal,CxG,51e353b3-c8fe-4e8c-b912-e75c9bc28a66.csv,Spatial transcriptomics in the healthy human kidney: Puck_200115_15,http://dx.doi.org/10.1097/mnh.0000000000000781
106,Kidney_CxG_Portal,CxG,c2dec445-4116-4b6d-9253-a73f9516460f.csv,Spatial transcriptomics in the healthy human kidney: Puck_200115_09,http://dx.doi.org/10.1097/mnh.0000000000000781
107,Kidney_CxG_Portal,CxG,43600c3c-6aa4-490a-bf80-bd74a52edfa4.csv,Spatial transcriptomics in the healthy human kidney: Puck_200104_16,http://dx.doi.org/10.1097/mnh.0000000000000781
108,Kidney_CxG_Portal,CxG,cb97280b-1c7c-4c55-a921-481062abd9f7.csv,Spatial transcriptomics in the healthy human kidney: Puck_200205_18,http://dx.doi.org/10.1097/mnh.0000000000000781
109,Kidney_CxG_Portal,CxG,99c400af-2a21-4937-9b84-cc1e52f7ba09.csv,Spatial transcriptomics in the healthy human kidney: Puck_200121_01,http://dx.doi.org/10.1097/mnh.0000000000000781
110,Kidney_CxG_Portal,CxG,4d31941b-7abc-4963-bf0c-2021998bc3bc.csv,Spatial transcriptomics in the healthy human kidney: Puck_200115_11,http://dx.doi.org/10.1097/ju.0000000000002516.11
111,Kidney_CxG_Portal,CxG,2d4998cf-bd56-4e59-b57d-a04682a36ab1.csv,Spatial transcriptomics in the healthy human kidney: Puck_200115_03,http://dx.doi.org/10.1097/mnh.0000000000000781
112,Kidney_CxG_Portal,CxG,ff77ee42-ed01-4e50-8413-4cea1f6fbcbc.csv,Spatial transcriptomics in the healthy human kidney: Puck_200903_10,http://dx.doi.org/10.1097/mnh.0000000000000781
113,Kidney_CxG_Portal,CxG,34cb364a-c405-478e-8cdd-48a69ae5c5b4.csv,Spatial transcriptomics in the healthy human kidney: Puck_200115_05,http://dx.doi.org/10.1097/mnh.0000000000000781
114,Kidney_CxG_Portal,CxG,a5ecb41a-d1e8-4d6a-954c-30472a2f1007.csv,Spatial transcriptomics in the healthy human kidney: Puck_200113_11,http://dx.doi.org/10.1097/ju.0000000000002516.11
115,Kidney_CxG_Portal,CxG,6ebb6e9b-efd0-4e02-a49a-4bf3c732203b.csv,Spatial transcriptomics in the healthy human kidney: Puck_200104_18,http://dx.doi.org/10.1097/mnh.0000000000000781
116,Kidney_CxG_Portal,CxG,90ef2377-e4d0-41c7-924f-6f9ee7a9237d.csv,Spatial transcriptomics in the healthy human kidney: Puck_200113_07,http://dx.doi.org/10.1097/mnh.0000000000000781
117,Kidney_CxG_Portal,CxG,55158af8-7de6-48d5-8aa3-0088ebd7cd4a.csv,Spatial transcriptomics in the healthy human kidney: Puck_200104_23,http://dx.doi.org/10.1097/mnh.0000000000000781
118,Kidney_CxG_Portal,CxG,105c7dad-0468-4628-a5be-2bb42c6a8ae4.csv,mature,http://dx.doi.org/10.1179/jpt.1997.7.1.011
119,Kidney_CxG_Portal,CxG,8c6f14c0-6162-4c2e-971f-510d7b766d7c.csv,Spatial transcriptomics in the healthy human kidney: Puck_200115_02,http://dx.doi.org/10.1097/mnh.0000000000000781
120,Kidney_CxG_Portal,CxG,a5a6c83a-3afe-4a87-8c32-691118c46e51.csv,Spatial transcriptomics in the healthy human kidney: Puck_200113_09,http://dx.doi.org/10.1097/mnh.0000000000000781
121,Kidney_CxG_Portal,CxG,3679ae7d-d70e-4c09-a8bb-78b8ae1006ff.csv,Spatial transcriptomics in the healthy human kidney: Puck_200131_25,http://dx.doi.org/10.1097/mnh.0000000000000781
122,Kidney_CxG_Portal,CxG,141b77bf-65b5-47d3-b860-d9ef25caa0e0.csv,Spatial transcriptomics in the healthy human kidney: Puck_200131_24,http://dx.doi.org/10.1097/mnh.0000000000000781
123,Kidney_CxG_Portal,CxG,53d208b0-2cfd-4366-9866-c3c6114081bc.csv,Tabula Sapiens - All Cells,http://dx.doi.org/10.1002/ajmg.a.61700
124,Kidney_CxG_Portal,CxG,0d049f5a-19b1-4055-a377-011a9570032c.csv,Spatial transcriptomics in the healthy human kidney: Puck_200115_07,http://dx.doi.org/10.1097/mnh.0000000000000781
125,Kidney_CxG_Portal,CxG,a51c6ece-5731-4128-8c1e-5060e80c69e4.csv,fetal,http://dx.doi.org/10.1093/med/9780198713333.003.0007
126,Kidney_CxG_Portal,CxG,8c275f25-d8d9-40b2-a81d-498bf89c4677.csv,Spatial transcriptomics in the healthy human kidney: Puck_200115_14,http://dx.doi.org/10.1097/mnh.0000000000000781
127,Kidney_CxG_Portal,CxG,a1e16320-801b-4d0a-b60d-ebf9b4130bb4.csv,Spatial transcriptomics in the healthy human kidney: Puck_200903_11,http://dx.doi.org/10.1097/ju.0000000000002516.11
128,Kidney_CxG_Portal,CxG,53ea4f06-0319-4b13-8e9d-e2581023aab7.csv,Spatial transcriptomics in the healthy human kidney: Puck_200104_17,http://dx.doi.org/10.1097/mnh.0000000000000781
129,Kidney_CxG_Portal,CxG,0ae96eac-ff08-4870-9bc3-cd12418af7e4.csv,Spatial transcriptomics in the healthy human kidney: Puck_200115_01,http://dx.doi.org/10.1097/mnh.0000000000000781
130,Kidney_CxG_Portal,CxG,3bf0da2c-f0d7-4078-a152-d6a4f97ea43f.csv,Spatial transcriptomics in the healthy human kidney: Puck_200205_17,http://dx.doi.org/10.1097/mnh.0000000000000781
131,Kidney_CxG_Portal,CxG,7139f99f-c610-43b8-bb06-4280acb1c987.csv,Spatial transcriptomics in the healthy human kidney: Puck_200113_08,http://dx.doi.org/10.1097/mnh.0000000000000781
132,Kidney_CxG_Portal,CxG,b627552d-c205-4ab3-b440-e08b3271d372.csv,Spatial transcriptomics in the healthy human kidney: Puck_200115_04,http://dx.doi.org/10.1097/mnh.0000000000000781
133,Stomach_CxG_Portal,CxG,f7c1c579-2dc0-47e2-ba19-8165c5a0e353.csv,Survey of human embryonic development,http://dx.doi.org/10.1126/science.365.6451.337-b
134,Mammary_Gland_CxG_Portal,CxG,53d208b0-2cfd-4366-9866-c3c6114081bc.csv,Tabula Sapiens - All Cells,http://dx.doi.org/10.1002/ajmg.a.61700
135,Endothelial_Cell_(Cell_Culture)_CxG_Portal,CxG,6cda3b13-7257-45b9-ac20-0a7e6697e4f2.csv,scRNA-seq data analysis of HUVECs treated with high glucose and TNFα,http://dx.doi.org/10.1007/978-1-0716-2752-5_10
136,Motor_Cortex_Azimuth,Azimuth,cross_species_cluster.csv,,
137,Motor_Cortex_Azimuth,Azimuth,subclass.csv,,
138,Motor_Cortex_Azimuth,Azimuth,cluster.csv,,
139,Motor_Cortex_Azimuth,Azimuth,class.csv,,
140,Esophagus_Muscularis_GTEx_Portal,GTEx,GTEX-1HSMQ-5021.csv,,
141,Esophagus_Muscularis_GTEx_Portal,GTEx,GTEX-1ICG6-5014.csv,,
142,Esophagus_Muscularis_GTEx_Portal,GTEx,GTEX-144GM-5010.csv,,
143,Heart_GTEx_Portal,GTEx,GTEX-13N11-5002.csv,,
144,Heart_GTEx_Portal,GTEx,GTEX-1ICG6-5003.csv,,
145,Heart_GTEx_Portal,GTEx,GTEX-15RIE-5015.csv,,
146,Tongue_CxG_Portal,CxG,53d208b0-2cfd-4366-9866-c3c6114081bc.csv,Tabula Sapiens - All Cells,http://dx.doi.org/10.1002/ajmg.a.61700
147,Pancreas_Azimuth,Azimuth,annotation_l1.csv,,
148,Heart_CxG_Portal,CxG,d4e69e01-3ba2-4d6b-a15d-e7048f78f22e.csv,All — Cells of the adult human heart,http://dx.doi.org/10.1038/s41586-020-2797-4
149,Heart_CxG_Portal,CxG,f7c1c579-2dc0-47e2-ba19-8165c5a0e353.csv,Survey of human embryonic development,http://dx.doi.org/10.1126/science.365.6451.337-b
150,Heart_CxG_Portal,CxG,53d208b0-2cfd-4366-9866-c3c6114081bc.csv,Tabula Sapiens - All Cells,http://dx.doi.org/10.1002/ajmg.a.61700
151,Liver_CxG_Portal,CxG,f7c1c579-2dc0-47e2-ba19-8165c5a0e353.csv,Survey of human embryonic development,http://dx.doi.org/10.1126/science.365.6451.337-b
152,Liver_CxG_Portal,CxG,1b9d8702-5af8-4142-85ed-020eb06ec4f6.csv,Global,http://dx.doi.org/10.1177/102425890601200321
153,Liver_CxG_Portal,CxG,53d208b0-2cfd-4366-9866-c3c6114081bc.csv,Tabula Sapiens - All Cells,http://dx.doi.org/10.1002/ajmg.a.61700
154,Muscle_Of_Pelvic_Diaphragm_CxG_Portal,CxG,53d208b0-2cfd-4366-9866-c3c6114081bc.csv,Tabula Sapiens - All Cells,http://dx.doi.org/10.1002/ajmg.a.61700
155,Lung_CxG_Portal,CxG,f72958f5-7f42-4ebb-98da-445b0c6de516.csv,Azimuth meta-analysis of 10 datasets of healthy and diseased human lung,http://dx.doi.org/10.1016/j.copbio.2021.10.025
156,Lung_CxG_Portal,CxG,2672b679-8048-4f5e-9786-f1b196ccfd08.csv,Lung Parenchyma,http://dx.doi.org/10.1007/978-1-4471-3137-3_5
157,Lung_CxG_Portal,CxG,42b6a476-c51d-4f8b-b68b-44941b3a11bf.csv,scRNA-seq data analysis of endothelium-enriched mesenteric arterial tissues from human donors,http://dx.doi.org/10.1007/978-1-0716-2752-5_10
158,Lung_CxG_Portal,CxG,01209dce-3575-4bed-b1df-129f57fbc031.csv,Single-cell transcriptomics of human T cells reveals tissue and activation signatures in health and disease,http://dx.doi.org/10.1038/s41467-019-12464-3
159,Lung_CxG_Portal,CxG,f7c1c579-2dc0-47e2-ba19-8165c5a0e353.csv,Survey of human embryonic development,http://dx.doi.org/10.1126/science.365.6451.337-b
160,Lung_CxG_Portal,CxG,3de0ad6d-4378-4f62-b37b-ec0b75a50d94.csv,Single-cell multiomic profiling of human lungs across age groups,http://dx.doi.org/10.7554/elife.62522
161,Lung_CxG_Portal,CxG,030faa69-ff79-4d85-8630-7c874a114c19.csv,Single-cell longitudinal analysis of SARS-CoV-2 infection in human bronchial epithelial cells,http://dx.doi.org/10.1242/prelights.20637
162,Lung_CxG_Portal,CxG,1b9d8702-5af8-4142-85ed-020eb06ec4f6.csv,Global,http://dx.doi.org/10.1177/102425890601200321
163,Lung_CxG_Portal,CxG,53d208b0-2cfd-4366-9866-c3c6114081bc.csv,Tabula Sapiens - All Cells,http://dx.doi.org/10.1002/ajmg.a.61700
164,Lung_CxG_Portal,CxG,077b0429-0f47-48e0-879a-39eaae531d42.csv,Direct Exposure to SARS-CoV-2 and Cigarette Smoke Increases Infection Severity and Alters the Stem Cell-Derived Airway Repair Response,http://dx.doi.org/10.1016/j.stem.2020.11.010
165,Spleen_CxG_Portal,CxG,f7c1c579-2dc0-47e2-ba19-8165c5a0e353.csv,Survey of human embryonic development,http://dx.doi.org/10.1126/science.365.6451.337-b
166,Spleen_CxG_Portal,CxG,1b9d8702-5af8-4142-85ed-020eb06ec4f6.csv,Global,http://dx.doi.org/10.1177/102425890601200321
167,Spleen_CxG_Portal,CxG,53d208b0-2cfd-4366-9866-c3c6114081bc.csv,Tabula Sapiens - All Cells,http://dx.doi.org/10.1002/ajmg.a.61700
168,Spleen_CxG_Portal,CxG,644a578d-ffdc-446b-9679-e7ab4c919c13.csv,Spleen,http://dx.doi.org/10.1111/j.1651-2227.1924.tb14506.x
169,Bone_Marrow_CxG_Portal,CxG,01209dce-3575-4bed-b1df-129f57fbc031.csv,Single-cell transcriptomics of human T cells reveals tissue and activation signatures in health and disease,http://dx.doi.org/10.1038/s41467-019-12464-3
170,Bone_Marrow_CxG_Portal,CxG,1b9d8702-5af8-4142-85ed-020eb06ec4f6.csv,Global,http://dx.doi.org/10.1177/102425890601200321
171,Bone_Marrow_CxG_Portal,CxG,53d208b0-2cfd-4366-9866-c3c6114081bc.csv,Tabula Sapiens - All Cells,http://dx.doi.org/10.1002/ajmg.a.61700
172,Placenta_CxG_Portal,CxG,f7c1c579-2dc0-47e2-ba19-8165c5a0e353.csv,Survey of human embryonic development,http://dx.doi.org/10.1126/science.365.6451.337-b
173,Skin_Soumya_et_al__paper,Soumya,HBM639.SGGN.469.csv,General Electric RTI_Liz McDonough_undefined,http://dx.doi.org/10.1093/gmo/9781561592630.article.j279500
174,Skin_Soumya_et_al__paper,Soumya,HBM253.HFDZ.866.csv,General Electric RTI_Liz McDonough_undefined,http://dx.doi.org/10.1093/gmo/9781561592630.article.j279500
175,Skin_Soumya_et_al__paper,Soumya,HBM396.WPKL.954.csv,General Electric RTI_Liz McDonough_undefined,http://dx.doi.org/10.1093/gmo/9781561592630.article.j279500
176,Skin_Soumya_et_al__paper,Soumya,HBM669.GWVL.893.csv,General Electric RTI_Liz McDonough_undefined,http://dx.doi.org/10.1093/gmo/9781561592630.article.j279500
177,Skin_Soumya_et_al__paper,Soumya,HBM894.PGJZ.258.csv,General Electric RTI_Liz McDonough_undefined,http://dx.doi.org/10.1093/gmo/9781561592630.article.j279500
178,Skin_Soumya_et_al__paper,Soumya,HBM654.BKGL.942.csv,General Electric RTI_Liz McDonough_undefined,http://dx.doi.org/10.1093/gmo/9781561592630.article.j279500
179,Skin_Soumya_et_al__paper,Soumya,HBM229.HKHH.537.csv,General Electric RTI_Liz McDonough_undefined,http://dx.doi.org/10.1093/gmo/9781561592630.article.j279500
180,Skin_Soumya_et_al__paper,Soumya,HBM865.PBJW.845.csv,General Electric RTI_Liz McDonough_undefined,http://dx.doi.org/10.1093/gmo/9781561592630.article.j279500
181,Skin_Soumya_et_al__paper,Soumya,HBM297.VBLS.984.csv,General Electric RTI_Liz McDonough_undefined,http://dx.doi.org/10.1093/gmo/9781561592630.article.j279500
182,Skin_Soumya_et_al__paper,Soumya,HBM969.VNQL.553.csv,General Electric RTI_Liz McDonough_undefined,http://dx.doi.org/10.1093/gmo/9781561592630.article.j279500
183,Lymph_Node_CxG_Portal,CxG,1b9d8702-5af8-4142-85ed-020eb06ec4f6.csv,Global,http://dx.doi.org/10.1177/102425890601200321
184,Tonsil_Azimuth,Azimuth,celltype_l2.csv,,
185,Tonsil_Azimuth,Azimuth,celltype_l1.csv,,
186,Mesenteric_Lymph_Node_CxG_Portal,CxG,01209dce-3575-4bed-b1df-129f57fbc031.csv,Single-cell transcriptomics of human T cells reveals tissue and activation signatures in health and disease,http://dx.doi.org/10.1038/s41467-019-12464-3
187,Mesenteric_Lymph_Node_CxG_Portal,CxG,99950e99-2758-41d2-b2c9-643edcdf6d82.csv,Single cell RNA sequencing of follicular lymphoma,http://dx.doi.org/10.1182/blood-2019-129445
188,Mesenteric_Lymph_Node_CxG_Portal,CxG,53d208b0-2cfd-4366-9866-c3c6114081bc.csv,Tabula Sapiens - All Cells,http://dx.doi.org/10.1002/ajmg.a.61700
189,PBMC_Azimuth,Azimuth,celltype_l2.csv,,
190,PBMC_Azimuth,Azimuth,celltype_l3.csv,,
191,PBMC_Azimuth,Azimuth,celltype_l1.csv,,
192,Heart_Azimuth,Azimuth,celltype_l2.csv,,
193,Heart_Azimuth,Azimuth,celltype_l1.csv,,
194,Vasculature_CxG_Portal,CxG,53d208b0-2cfd-4366-9866-c3c6114081bc.csv,Tabula Sapiens - All Cells,http://dx.doi.org/10.1002/ajmg.a.61700
195,Adrenal_Gland_CxG_Portal,CxG,f7c1c579-2dc0-47e2-ba19-8165c5a0e353.csv,Survey of human embryonic development,http://dx.doi.org/10.1126/science.365.6451.337-b
196,Muscle_Tissue_CxG_Portal,CxG,53d208b0-2cfd-4366-9866-c3c6114081bc.csv,Tabula Sapiens - All Cells,http://dx.doi.org/10.1002/ajmg.a.61700
197,Prostate_GTEx_Portal,GTEx,GTEX-12BJ1-5007.csv,,
198,Prostate_GTEx_Portal,GTEx,GTEX-15CHR-5014.csv,,
199,Prostate_GTEx_Portal,GTEx,GTEX-1I1GU-5006.csv,,
200,Prostate_GTEx_Portal,GTEx,GTEX-1HSMQ-5014.csv,,
201,Epithelial_Cell_Of_Lung_(Cell_Culture)_CxG_Portal,CxG,ca421096-6240-4cee-8c12-d20899b3e005.csv,Single-cell gene expression profiling of SARS-CoV-2 infected human cell lines - H1299,http://dx.doi.org/10.1101/2020.05.05.079194
202,Epithelial_Cell_Of_Lung_(Cell_Culture)_CxG_Portal,CxG,4b9e0a15-c006-45d9-860f-b8a43ccf7d9d.csv,Single-cell gene expression profiling of SARS-CoV-2 infected human cell lines - Calu-3,http://dx.doi.org/10.1101/2020.05.05.079194
203,Adipose_Azimuth,Azimuth,celltype_l2.csv,,
204,Adipose_Azimuth,Azimuth,celltype_l1.csv,,
205,Pancreas_CxG_Portal,CxG,37b21763-7f0f-41ae-9001-60bad6e2841d.csv,Multiomics single-cell analysis of human pancreatic islets reveals novel cellular states in health and type 1 diabetes,http://dx.doi.org/10.1101/2021.01.28.428598
206,Pancreas_CxG_Portal,CxG,f7c1c579-2dc0-47e2-ba19-8165c5a0e353.csv,Survey of human embryonic development,http://dx.doi.org/10.1126/science.365.6451.337-b
207,Pancreas_CxG_Portal,CxG,b07e5164-baf6-43d2-bdba-5a249d0da879.csv,A Single-Cell Transcriptome Atlas of the Human Pancreas,http://dx.doi.org/10.1016/j.cels.2016.09.002
208,Pancreas_CxG_Portal,CxG,66d15835-5dc8-4e96-b0eb-f48971cb65e8.csv,Single cell transcriptome analysis of human pancreas reveals transcriptional signatures of aging and somatic mutation patterns,http://dx.doi.org/10.1016/j.cell.2017.09.004
209,Pancreas_CxG_Portal,CxG,53d208b0-2cfd-4366-9866-c3c6114081bc.csv,Tabula Sapiens - All Cells,http://dx.doi.org/10.1002/ajmg.a.61700
210,Muscle_Organ_CxG_Portal,CxG,f7c1c579-2dc0-47e2-ba19-8165c5a0e353.csv,Survey of human embryonic development,http://dx.doi.org/10.1126/science.365.6451.337-b
211,Fallopian_Tube_CxG_Portal,CxG,03c544fb-a103-4d18-9230-eae9cfee3af2.csv,scRNA-seq analysis of stromal cells of healthy human fallopian tubes,http://dx.doi.org/10.1016/j.devcel.2022.02.017
212,Fallopian_Tube_CxG_Portal,CxG,acf818eb-f6d2-42b9-bb1d-475aa9cff2bb.csv,scRNA-seq analysis of ciliated cells of healthy human fallopian tubes,http://dx.doi.org/10.1016/j.devcel.2022.02.017
213,Fallopian_Tube_CxG_Portal,CxG,c6413315-7158-46c5-a5fd-7228385694f1.csv,scRNA-seq analysis of healthy human fallopian tubes,http://dx.doi.org/10.1016/j.devcel.2022.02.017
214,Fallopian_Tube_CxG_Portal,CxG,cac02b79-9f54-4668-9235-60d3b76a4197.csv,scRNA-seq analysis of non-ciliated epithelial cells of healthy human fallopian tubes,http://dx.doi.org/10.1016/j.devcel.2022.02.017
215,Submandibular_Gland_CxG_Portal,CxG,53d208b0-2cfd-4366-9866-c3c6114081bc.csv,Tabula Sapiens - All Cells,http://dx.doi.org/10.1002/ajmg.a.61700
216,Subcutaneous_Adipose_Tissue_CxG_Portal,CxG,53d208b0-2cfd-4366-9866-c3c6114081bc.csv,Tabula Sapiens - All Cells,http://dx.doi.org/10.1002/ajmg.a.61700
217,Kidney_Blue_Lake_Richard,Blue_Lake,richard_kidney_blue_lake.csv,,
218,Cervical_Lymph_Node_CxG_Portal,CxG,cfa3c355-ee77-4fc8-9a00-78e61d23024c.csv,A Single-Cell Transcriptional Roadmap of the Mouse and Human Lymph Node Lymphatic Vasculature - human,http://dx.doi.org/10.1096/fasebj.2021.35.s1.04027
219,Muscle_Of_Abdomen_CxG_Portal,CxG,53d208b0-2cfd-4366-9866-c3c6114081bc.csv,Tabula Sapiens - All Cells,http://dx.doi.org/10.1002/ajmg.a.61700
220,Kidney_Azimuth,Azimuth,annotation_l1.csv,,
221,Kidney_Azimuth,Azimuth,annotation_l2.csv,,
222,Kidney_Azimuth,Azimuth,annotation_l3.csv,,
223,Respiratory_System_CxG_Portal,CxG,53d208b0-2cfd-4366-9866-c3c6114081bc.csv,Tabula Sapiens - All Cells,http://dx.doi.org/10.1002/ajmg.a.61700
224,Blood_Vasculature_CxG_Portal,CxG,01209dce-3575-4bed-b1df-129f57fbc031.csv,Single-cell transcriptomics of human T cells reveals tissue and activation signatures in health and disease,http://dx.doi.org/10.1038/s41467-019-12464-3
225,Blood_Vasculature_CxG_Portal,CxG,105c7dad-0468-4628-a5be-2bb42c6a8ae4.csv,mature,http://dx.doi.org/10.1179/jpt.1997.7.1.011
226,Blood_Vasculature_CxG_Portal,CxG,53d208b0-2cfd-4366-9866-c3c6114081bc.csv,Tabula Sapiens - All Cells,http://dx.doi.org/10.1002/ajmg.a.61700
227,Kidney_HuBMAP_Portal,HuBMAP,HBM892.HQDK.764.csv,,
228,Kidney_HuBMAP_Portal,HuBMAP,HBM537.GVTL.683.csv,Broad Institute RTI_HuBMAP Process_93.9,http://dx.doi.org/10.1002/9783527809080.cataz14300
229,Kidney_HuBMAP_Portal,HuBMAP,HBM932.TBDW.952.csv,,
230,Kidney_HuBMAP_Portal,HuBMAP,HBM679.ZVHH.999.csv,,
231,Kidney_HuBMAP_Portal,HuBMAP,HBM837.TDQQ.538.csv,,
232,Kidney_HuBMAP_Portal,HuBMAP,HBM724.LVHJ.956.csv,,
233,Kidney_HuBMAP_Portal,HuBMAP,HBM987.ZCTQ.736.csv,,
234,Kidney_HuBMAP_Portal,HuBMAP,HBM688.FLJB.475.csv,Broad Institute RTI_HuBMAP Process_93.9,http://dx.doi.org/10.1002/9783527809080.cataz14300
235,Kidney_HuBMAP_Portal,HuBMAP,HBM495.ZFDT.229.csv,Broad Institute RTI_HuBMAP Process_93.9,http://dx.doi.org/10.1002/9783527809080.cataz14300
236,Kidney_HuBMAP_Portal,HuBMAP,HBM537.SKND.632.csv,,
237,Kidney_HuBMAP_Portal,HuBMAP,HBM996.XSNK.694.csv,Broad Institute RTI_HuBMAP Process_93.9,http://dx.doi.org/10.1002/9783527809080.cataz14300
238,Kidney_HuBMAP_Portal,HuBMAP,HBM494.MQQL.234.csv,,
239,Kidney_HuBMAP_Portal,HuBMAP,HBM476.VHDB.268.csv,Broad Institute RTI_HuBMAP Process_93.9,http://dx.doi.org/10.1002/9783527809080.cataz14300
240,Kidney_HuBMAP_Portal,HuBMAP,HBM837.HQNL.776.csv,,
241,Kidney_HuBMAP_Portal,HuBMAP,HBM994.XRGN.328.csv,,
242,Kidney_HuBMAP_Portal,HuBMAP,HBM865.TRVX.355.csv,,
243,Kidney_HuBMAP_Portal,HuBMAP,HBM332.KQWB.454.csv,Broad Institute RTI_HuBMAP Process_93.9,http://dx.doi.org/10.1002/9783527809080.cataz14300
244,Kidney_HuBMAP_Portal,HuBMAP,HBM349.BJZL.272.csv,,
245,Kidney_HuBMAP_Portal,HuBMAP,HBM786.HSRC.868.csv,,
246,Kidney_HuBMAP_Portal,HuBMAP,HBM532.RKTB.483.csv,,
247,Kidney_HuBMAP_Portal,HuBMAP,HBM729.RCXL.887.csv,,
248,Kidney_HuBMAP_Portal,HuBMAP,HBM944.XPFX.655.csv,,
249,Kidney_HuBMAP_Portal,HuBMAP,HBM664.LQSH.693.csv,Broad Institute RTI_HuBMAP Process_93.9,http://dx.doi.org/10.1002/9783527809080.cataz14300
250,Kidney_HuBMAP_Portal,HuBMAP,HBM799.ZJDP.379.csv,,
251,Kidney_HuBMAP_Portal,HuBMAP,HBM243.MTZV.726.csv,Broad Institute RTI_HuBMAP Process_93.9,http://dx.doi.org/10.1002/9783527809080.cataz14300
252,Kidney_HuBMAP_Portal,HuBMAP,HBM258.HQCL.349.csv,Broad Institute RTI_HuBMAP Process_93.9,http://dx.doi.org/10.1002/9783527809080.cataz14300
253,Kidney_HuBMAP_Portal,HuBMAP,HBM938.FTRX.289.csv,,
254,Kidney_HuBMAP_Portal,HuBMAP,HBM297.XVDG.492.csv,,
255,Kidney_HuBMAP_Portal,HuBMAP,HBM252.JLSW.848.csv,Broad Institute RTI_HuBMAP Process_93.9,http://dx.doi.org/10.1002/9783527809080.cataz14300
256,Kidney_HuBMAP_Portal,HuBMAP,HBM388.SGMJ.342.csv,,
257,Kidney_HuBMAP_Portal,HuBMAP,HBM384.DLRM.527.csv,,
258,Kidney_HuBMAP_Portal,HuBMAP,HBM697.GKCG.783.csv,,
259,Kidney_HuBMAP_Portal,HuBMAP,HBM884.TGCL.432.csv,,
260,Kidney_HuBMAP_Portal,HuBMAP,HBM958.GZCX.985.csv,Broad Institute RTI_HuBMAP Process_93.9,http://dx.doi.org/10.1002/9783527809080.cataz14300
261,Kidney_HuBMAP_Portal,HuBMAP,HBM347.MRTV.333.csv,Broad Institute RTI_HuBMAP Process_93.9,http://dx.doi.org/10.1002/9783527809080.cataz14300
262,Kidney_HuBMAP_Portal,HuBMAP,HBM692.FLDL.779.csv,,
263,Kidney_HuBMAP_Portal,HuBMAP,HBM844.KXXX.692.csv,Broad Institute RTI_HuBMAP Process_93.9,http://dx.doi.org/10.1002/9783527809080.cataz14300
264,Kidney_HuBMAP_Portal,HuBMAP,HBM873.NSHG.559.csv,Broad Institute RTI_HuBMAP Process_93.9,http://dx.doi.org/10.1002/9783527809080.cataz14300
265,Kidney_HuBMAP_Portal,HuBMAP,HBM243.TTRM.823.csv,,
266,Kidney_HuBMAP_Portal,HuBMAP,HBM987.RLTF.378.csv,,
267,Kidney_HuBMAP_Portal,HuBMAP,HBM563.FJNH.776.csv,,
268,Kidney_HuBMAP_Portal,HuBMAP,HBM268.RGJT.587.csv,University of California San Diego TMC_HuBMAP Process_63.9,http://dx.doi.org/10.1017/s0033822200067527
269,Kidney_HuBMAP_Portal,HuBMAP,HBM246.KBZS.276.csv,Broad Institute RTI_HuBMAP Process_93.9,http://dx.doi.org/10.1002/9783527809080.cataz14300
270,Kidney_HuBMAP_Portal,HuBMAP,HBM375.WFJK.667.csv,,
271,Kidney_HuBMAP_Portal,HuBMAP,HBM684.TLPQ.738.csv,Broad Institute RTI_HuBMAP Process_93.9,http://dx.doi.org/10.1002/9783527809080.cataz14300
272,Kidney_HuBMAP_Portal,HuBMAP,HBM552.PBBF.363.csv,Broad Institute RTI_HuBMAP Process_93.9,http://dx.doi.org/10.1002/9783527809080.cataz14300
273,Kidney_HuBMAP_Portal,HuBMAP,HBM282.BKRZ.254.csv,Broad Institute RTI_HuBMAP Process_93.9,http://dx.doi.org/10.1002/9783527809080.cataz14300
274,Kidney_HuBMAP_Portal,HuBMAP,HBM584.JCQV.788.csv,,
275,Kidney_HuBMAP_Portal,HuBMAP,HBM272.FWMV.423.csv,,
276,Kidney_HuBMAP_Portal,HuBMAP,HBM372.TFNT.572.csv,,
277,Kidney_HuBMAP_Portal,HuBMAP,HBM525.LRPL.332.csv,Broad Institute RTI_HuBMAP Process_93.9,http://dx.doi.org/10.1002/9783527809080.cataz14300
278,Kidney_HuBMAP_Portal,HuBMAP,HBM275.PDRR.759.csv,,
279,Kidney_HuBMAP_Portal,HuBMAP,HBM879.RZJJ.974.csv,,
280,Kidney_HuBMAP_Portal,HuBMAP,HBM826.VZFT.824.csv,,
281,Kidney_HuBMAP_Portal,HuBMAP,HBM634.QQWF.789.csv,Broad Institute RTI_HuBMAP Process_93.9,http://dx.doi.org/10.1002/9783527809080.cataz14300
282,Kidney_HuBMAP_Portal,HuBMAP,HBM979.KNQM.454.csv,Broad Institute RTI_HuBMAP Process_93.9,http://dx.doi.org/10.1002/9783527809080.cataz14300
283,Kidney_HuBMAP_Portal,HuBMAP,HBM752.ZRBH.538.csv,,
284,Kidney_HuBMAP_Portal,HuBMAP,HBM427.KFXP.323.csv,Broad Institute RTI_HuBMAP Process_93.9,http://dx.doi.org/10.1002/9783527809080.cataz14300
285,Kidney_HuBMAP_Portal,HuBMAP,HBM793.QCGM.999.csv,,
286,Kidney_HuBMAP_Portal,HuBMAP,HBM297.TTGF.282.csv,,
287,Kidney_HuBMAP_Portal,HuBMAP,HBM688.LGBS.644.csv,,
288,Kidney_HuBMAP_Portal,HuBMAP,HBM439.JPZX.574.csv,,
289,Kidney_HuBMAP_Portal,HuBMAP,HBM876.HTRX.668.csv,Broad Institute RTI_HuBMAP Process_93.9,http://dx.doi.org/10.1002/9783527809080.cataz14300
290,Kidney_HuBMAP_Portal,HuBMAP,HBM834.THPC.928.csv,Broad Institute RTI_HuBMAP Process_93.9,http://dx.doi.org/10.1002/9783527809080.cataz14300
291,Kidney_HuBMAP_Portal,HuBMAP,HBM244.FRPJ.636.csv,,
292,Kidney_HuBMAP_Portal,HuBMAP,HBM447.KCHB.778.csv,Broad Institute RTI_HuBMAP Process_93.9,http://dx.doi.org/10.1002/9783527809080.cataz14300
293,Kidney_HuBMAP_Portal,HuBMAP,HBM393.DZDZ.972.csv,Broad Institute RTI_HuBMAP Process_93.9,http://dx.doi.org/10.1002/9783527809080.cataz14300
294,Kidney_HuBMAP_Portal,HuBMAP,HBM785.LNQZ.992.csv,,
295,Kidney_HuBMAP_Portal,HuBMAP,HBM942.NXWW.245.csv,Broad Institute RTI_HuBMAP Process_93.9,http://dx.doi.org/10.1002/9783527809080.cataz14300
296,Kidney_HuBMAP_Portal,HuBMAP,HBM356.QPJF.839.csv,,
297,Kidney_HuBMAP_Portal,HuBMAP,HBM242.HNLH.466.csv,Broad Institute RTI_HuBMAP Process_93.9,http://dx.doi.org/10.1002/9783527809080.cataz14300
298,Kidney_HuBMAP_Portal,HuBMAP,HBM745.XMRR.874.csv,,
299,Kidney_HuBMAP_Portal,HuBMAP,HBM476.ZWMS.768.csv,,
300,Kidney_HuBMAP_Portal,HuBMAP,HBM254.SXWG.373.csv,,
301,Kidney_HuBMAP_Portal,HuBMAP,HBM742.PSCP.565.csv,,
302,Kidney_HuBMAP_Portal,HuBMAP,HBM843.QHNR.854.csv,,
303,Kidney_HuBMAP_Portal,HuBMAP,HBM772.WGBN.852.csv,,
304,Inguinal_Lymph_Node_CxG_Portal,CxG,53d208b0-2cfd-4366-9866-c3c6114081bc.csv,Tabula Sapiens - All Cells,http://dx.doi.org/10.1002/ajmg.a.61700
305,Skeletal_Muscle_GTEx_Portal,GTEx,GTEX-15RIE-5021.csv,,
306,Skeletal_Muscle_GTEx_Portal,GTEx,GTEX-145ME-5018.csv,,
307,Skeletal_Muscle_GTEx_Portal,GTEx,GTEX-1HSMQ-5011.csv,,
308,Thymus_CxG_Portal,CxG,f7c1c579-2dc0-47e2-ba19-8165c5a0e353.csv,Survey of human embryonic development,http://dx.doi.org/10.1126/science.365.6451.337-b
309,Thymus_CxG_Portal,CxG,1b9d8702-5af8-4142-85ed-020eb06ec4f6.csv,Global,http://dx.doi.org/10.1177/102425890601200321
310,Thymus_CxG_Portal,CxG,53d208b0-2cfd-4366-9866-c3c6114081bc.csv,Tabula Sapiens - All Cells,http://dx.doi.org/10.1002/ajmg.a.61700
311,Bronchopulmonary_Lymph_Node_CxG_Portal,CxG,01209dce-3575-4bed-b1df-129f57fbc031.csv,Single-cell transcriptomics of human T cells reveals tissue and activation signatures in health and disease,http://dx.doi.org/10.1038/s41467-019-12464-3
312,Skeletal_Muscle_Tissue_CxG_Portal,CxG,1b9d8702-5af8-4142-85ed-020eb06ec4f6.csv,Global,http://dx.doi.org/10.1177/102425890601200321
313,Blood_CxG_Portal,CxG,f72958f5-7f42-4ebb-98da-445b0c6de516.csv,Azimuth meta-analysis of 10 datasets of healthy and diseased human lung,http://dx.doi.org/10.1016/j.copbio.2021.10.025
314,Blood_CxG_Portal,CxG,30cd5311-6c09-46c9-94f1-71fe4b91813c.csv,Time-resolved Systems Immunology Reveals a Late Juncture Linked to Fatal COVID-19: Innate Cells,http://dx.doi.org/10.1016/j.cell.2021.02.018
315,Blood_CxG_Portal,CxG,9dbab10c-118d-496b-966a-67f1763a6b7d.csv,Large-scale single-cell analysis reveals critical immune characteristics of COVID-19 patients,http://dx.doi.org/10.1101/2020.10.29.360479
316,Blood_CxG_Portal,CxG,01209dce-3575-4bed-b1df-129f57fbc031.csv,Single-cell transcriptomics of human T cells reveals tissue and activation signatures in health and disease,http://dx.doi.org/10.1038/s41467-019-12464-3
317,Blood_CxG_Portal,CxG,de2c780c-1747-40bd-9ccf-9588ec186cee.csv,Immunophenotyping of COVID-19 and influenza highlights the role of type I interferons in development of severe COVID-19,http://dx.doi.org/10.1126/sciimmunol.abd1554
318,Blood_CxG_Portal,CxG,ebc2e1ff-c8f9-466a-acf4-9d291afaf8b3.csv,"COMBAT project: single cell gene expression data from COVID-19, sepsis and flu patient PBMCs",http://dx.doi.org/10.1093/database/baac061
319,Blood_CxG_Portal,CxG,e763ed0d-0e5a-4b8e-9514-6da3d9e47956.csv,Platelet sub_clusters of COVID-19 Immune Altas: Integration of 5 public COVID-19 PBMC single-cell datasets,http://dx.doi.org/10.1038/s41591-020-01159-8
320,Blood_CxG_Portal,CxG,218acb0f-9f2f-4f76-b90b-15a4b7c7f629.csv,multiplexed scRNA-seq of 1.2 million PBMCs from adult lupus samples,http://dx.doi.org/10.17504/protocols.io.dm6gpj881gzp/v1
321,Blood_CxG_Portal,CxG,2a498ace-872a-4935-984b-1afa70fd9886.csv,PBMC,http://dx.doi.org/10.17504/protocols.io.kdycs7w
322,Blood_CxG_Portal,CxG,456e8b9b-f872-488b-871d-94534090a865.csv,Single-cell atlas of peripheral immune response to SARS-CoV-2 infection,http://dx.doi.org/10.47191/ijcsrr/v3-i10-03
323,Blood_CxG_Portal,CxG,21d3e683-80a4-4d9b-bc89-ebb2df513dde.csv,Time-resolved Systems Immunology Reveals a Late Juncture Linked to Fatal COVID-19: Adaptive Cells,http://dx.doi.org/10.1016/j.cell.2021.02.018
324,Blood_CxG_Portal,CxG,d9b4bc69-ed90-4f5f-99b2-61b0681ba436.csv,B Cell/Plasmablast Sub_clusters of COVID-19 Immune Altas: Integration of 5 public COVID-19 PBMC single-cell datasets,http://dx.doi.org/10.3390/cells11192950
325,Blood_CxG_Portal,CxG,96a3f64b-0ee9-40d8-91e9-813ce38261c9.csv,COVID-19 Immune Altas: Integration of 5 public COVID-19 PBMC single-cell datasets,http://dx.doi.org/10.1055/a-1229-5048
326,Blood_CxG_Portal,CxG,4c4cd77c-8fee-4836-9145-16562a8782fe.csv,Individual Single-Cell RNA-seq PBMC Data from Lee et al.,http://dx.doi.org/10.1101/2022.09.27.509725
327,Blood_CxG_Portal,CxG,bc2a7b3d-f04e-477e-96c9-9d5367d5425c.csv,T Cell and NK Cell Subtypes of COVID-19 Immune Altas: Integration of 5 public COVID-19 PBMC single-cell datasets,http://dx.doi.org/10.1038/s41423-021-00825-2
328,Blood_CxG_Portal,CxG,1b9d8702-5af8-4142-85ed-020eb06ec4f6.csv,Global,http://dx.doi.org/10.1177/102425890601200321
329,Blood_CxG_Portal,CxG,3faad104-2ab8-4434-816d-474d8d2641db.csv,Single-cell eQTL mapping identifies cell type specific genetic control of autoimmune disease,http://dx.doi.org/10.1126/science.abf3041
330,Blood_CxG_Portal,CxG,db0752b9-f20e-40b8-8997-992f3ae0bb2e.csv,Classical Monocyte sub_clusters of COVID-19 Immune Altas: Integration of 5 public COVID-19 PBMC single-cell datasets,http://dx.doi.org/10.1038/s41591-020-01159-8
331,Blood_CxG_Portal,CxG,53d208b0-2cfd-4366-9866-c3c6114081bc.csv,Tabula Sapiens - All Cells,http://dx.doi.org/10.1002/ajmg.a.61700
332,Blood_CxG_Portal,CxG,c7775e88-49bf-4ba2-a03b-93f00447c958.csv,Single-cell multi-omics analysis of the immune response in COVID-19,http://dx.doi.org/10.1038/s41591-021-01329-2
333,Prostate_CxG_Portal,CxG,ea426edb-4e86-4c53-ab17-5b952d94a31e.csv,A Cellular Anatomy of the Normal Adult Human Prostate and Prostatic Urethra - Human Fibromuscular Stromal Cells,http://dx.doi.org/10.1016/j.celrep.2018.11.086
334,Prostate_CxG_Portal,CxG,c3fe3c1e-5bf8-4678-b74a-79899243ad41.csv,A Cellular Anatomy of the Normal Adult Human Prostate and Prostatic Urethra - All Human Cells,http://dx.doi.org/10.1016/j.celrep.2018.11.086
335,Prostate_CxG_Portal,CxG,574e9f9e-f8b4-41ef-bf19-89a9964fd9c7.csv,Single cell analysis of mouse and human prostate reveals novel fibroblasts with specialized distribution and microenvironment interactions - All Human Cells,http://dx.doi.org/10.1002/path.5751
336,Prostate_CxG_Portal,CxG,88c483bf-477d-4be5-90d3-4fb101dd601f.csv,Urethral luminal epithelia are castration-insensitive cells of the proximal prostate - Human Epithelial Cells,http://dx.doi.org/10.1002/pros.24020
337,Prostate_CxG_Portal,CxG,53d208b0-2cfd-4366-9866-c3c6114081bc.csv,Tabula Sapiens - All Cells,http://dx.doi.org/10.1002/ajmg.a.61700
338,Prostate_CxG_Portal,CxG,e2a3c32d-71e2-4f38-b19c-dfcb8729cf46.csv,A Cellular Anatomy of the Normal Adult Human Prostate and Prostatic Urethra - Human Epithelial Cells,http://dx.doi.org/10.1016/j.celrep.2018.11.086
339,Prostate_CxG_Portal,CxG,df287f8d-f50d-4620-ab96-489d559e6adc.csv,Urethral luminal epithelia are castration-insensitive cells of the proximal prostate - Human Fibromuscular Stromal Cells,http://dx.doi.org/10.1002/pros.24020
340,Esophagus_Mucosa_GTEx_Portal,GTEx,GTEX-16BQI-5013.csv,,
341,Esophagus_Mucosa_GTEx_Portal,GTEx,GTEX-145ME-5005.csv,,
342,Esophagus_Mucosa_GTEx_Portal,GTEx,GTEX-15SB6-5008.csv,,
343,Colon_Gut_Cell_Atlas,,290b.csv,,
344,Colon_Gut_Cell_Atlas,,298c.csv,,
345,Colon_Gut_Cell_Atlas,,390c.csv,,
346,Colon_Gut_Cell_Atlas,,417c.csv,,
347,Colon_Gut_Cell_Atlas,,302c.csv,,
348,Epithelium_Of_Esophagus_CxG_Portal,CxG,b07fb54c-d7ad-4995-8bb0-8f3d8611cabe.csv,Esophagus Epithelium,http://dx.doi.org/10.1097/00000478-200111000-00020
349,Posterior_Part_Of_Tongue_CxG_Portal,CxG,53d208b0-2cfd-4366-9866-c3c6114081bc.csv,Tabula Sapiens - All Cells,http://dx.doi.org/10.1002/ajmg.a.61700
350,Saliva-Secreting_Gland_CxG_Portal,CxG,53d208b0-2cfd-4366-9866-c3c6114081bc.csv,Tabula Sapiens - All Cells,http://dx.doi.org/10.1002/ajmg.a.61700
351,Brain_CxG_Portal,CxG,5ae6ab72-1927-4d5b-9826-86be65791293.csv,Sncg - MTG: Seattle Alzheimer's Disease Atlas (SEA-AD),http://dx.doi.org/10.1002/0471684228.egp00471
352,Brain_CxG_Portal,CxG,d2fc9880-e6d3-4922-af5c-61f4f517adfa.csv,Oligo - MTG: Seattle Alzheimer's Disease Atlas (SEA-AD),http://dx.doi.org/10.1002/0471684228.egp00471
353,Brain_CxG_Portal,CxG,f67f2cfa-ba45-4f77-8e26-64a15f666043.csv,Pax6 - MTG: Seattle Alzheimer's Disease Atlas (SEA-AD),http://dx.doi.org/10.1002/0471684228.egp00471
354,Brain_CxG_Portal,CxG,f7c1c579-2dc0-47e2-ba19-8165c5a0e353.csv,Survey of human embryonic development,http://dx.doi.org/10.1126/science.365.6451.337-b
355,Brain_CxG_Portal,CxG,de104f7e-14fa-4795-bd19-b5ee2c1563e0.csv,L6 IT - MTG: Seattle Alzheimer's Disease Atlas (SEA-AD),http://dx.doi.org/10.1002/0471684228.egp00471
356,Brain_CxG_Portal,CxG,8a8aedcb-5bb3-453d-a9f0-f37951ae1515.csv,L6b - MTG: Seattle Alzheimer's Disease Atlas (SEA-AD),http://dx.doi.org/10.1002/0471684228.egp00471
357,Brain_CxG_Portal,CxG,b74100ea-1a1a-486a-9cad-70ae44150935.csv,L2/3 IT - MTG: Seattle Alzheimer's Disease Atlas (SEA-AD),http://dx.doi.org/10.1364/hisense.2009.htuc3
358,Brain_CxG_Portal,CxG,c19275f5-739e-4796-ad5d-b0830b760db1.csv,L6 CT - MTG: Seattle Alzheimer's Disease Atlas (SEA-AD),http://dx.doi.org/10.1002/0471684228.egp00471
359,Brain_CxG_Portal,CxG,605b89b1-c474-4180-8c0b-88afb5920991.csv,L5 IT - MTG: Seattle Alzheimer's Disease Atlas (SEA-AD),http://dx.doi.org/10.1002/0471684228.egp00471
360,Brain_CxG_Portal,CxG,ae4f8ddd-cac9-4172-9681-2175da462f2e.csv,Second Trimester Human Developing Brain Regions and Cortical Areas,http://dx.doi.org/10.1201/9780203507483
361,Brain_CxG_Portal,CxG,3e87b1fa-472a-401c-8fa8-f31c10437d5f.csv,Endo - MTG: Seattle Alzheimer's Disease Atlas (SEA-AD),http://dx.doi.org/10.1002/0471684228.egp00471
362,Brain_CxG_Portal,CxG,1c05b7ae-4dfb-4c1b-a441-4b23c04b169e.csv,OPC - MTG: Seattle Alzheimer's Disease Atlas (SEA-AD),http://dx.doi.org/10.1002/0471684228.egp00471
363,Brain_CxG_Portal,CxG,236baeda-5fdd-41bf-8e32-bae21ac7d435.csv,VLMC - MTG: Seattle Alzheimer's Disease Atlas (SEA-AD),http://dx.doi.org/10.1002/0471684228.egp00471
364,Brain_CxG_Portal,CxG,e8ac3386-31d4-48ba-aa70-1bae0cf020e7.csv,Lamp5_Lhx6 - MTG: Seattle Alzheimer's Disease Atlas (SEA-AD),http://dx.doi.org/10.1002/0471684228.egp00471
365,Brain_CxG_Portal,CxG,a0d173dd-bb10-4d13-8b9a-e13a4ee83c8c.csv,Vip - MTG: Seattle Alzheimer's Disease Atlas (SEA-AD),http://dx.doi.org/10.1002/0471684228.egp00471
366,Brain_CxG_Portal,CxG,5097d77d-08fa-4105-a18f-4072d61522a4.csv,Astro - MTG: Seattle Alzheimer's Disease Atlas (SEA-AD),http://dx.doi.org/10.1002/0471684228.egp00471
367,Brain_CxG_Portal,CxG,75e6eee5-d0e3-4291-9360-f288ffe6c7c4.csv,L5/6 NP - MTG: Seattle Alzheimer's Disease Atlas (SEA-AD),http://dx.doi.org/10.1002/0471684228.egp00471
368,Brain_CxG_Portal,CxG,9813a1d4-d107-459e-9b2e-7687be935f69.csv,Single-soma transcriptomics of tangle-bearing neurons in Alzheimer’s disease - Inhibitory,http://dx.doi.org/10.1101/2020.05.11.088591
369,Brain_CxG_Portal,CxG,79d485a8-b8b1-49f2-85aa-c44e5206aa53.csv,L6 IT Car3 - MTG: Seattle Alzheimer's Disease Atlas (SEA-AD),http://dx.doi.org/10.1002/0471684228.egp00471
370,Brain_CxG_Portal,CxG,8c6ed88f-11bf-4159-bad7-ff41fb1e1eca.csv,Chandelier - MTG: Seattle Alzheimer's Disease Atlas (SEA-AD),http://dx.doi.org/10.1002/0471684228.egp00471
371,Brain_CxG_Portal,CxG,146216e1-ec30-4fee-a1fb-25defe801e2d.csv,Sst - MTG: Seattle Alzheimer's Disease Atlas (SEA-AD),http://dx.doi.org/10.1002/0471684228.egp00471
372,Brain_CxG_Portal,CxG,81e91ff8-f619-4ad1-a0c3-b45e1dc63f68.csv,Sst Chodl - MTG: Seattle Alzheimer's Disease Atlas (SEA-AD),http://dx.doi.org/10.1002/0471684228.egp00471
373,Brain_CxG_Portal,CxG,ac0fee7e-0999-4319-b244-20278e1ff2fb.csv,L4 IT - MTG: Seattle Alzheimer's Disease Atlas (SEA-AD),http://dx.doi.org/10.1002/0471684228.egp00471
374,Brain_CxG_Portal,CxG,eec3e37d-ed41-4881-bc6e-aaf39a2c6eb0.csv,Lamp5 - MTG: Seattle Alzheimer's Disease Atlas (SEA-AD),http://dx.doi.org/10.1002/0471684228.egp00471
375,Brain_CxG_Portal,CxG,c76098ba-eed3-45b1-98f2-96fcac55ed18.csv,Micro-PVM - MTG: Seattle Alzheimer's Disease Atlas (SEA-AD),http://dx.doi.org/10.1002/0471684228.egp00471
376,Brain_CxG_Portal,CxG,07428d73-fdea-4bd4-a801-94b00c4d961c.csv,L5 ET - MTG: Seattle Alzheimer's Disease Atlas (SEA-AD),http://dx.doi.org/10.1002/0471684228.egp00471
377,Brain_CxG_Portal,CxG,d87f3f91-dca4-494b-8993-c4e3008a8fa5.csv,Pvalb - MTG: Seattle Alzheimer's Disease Atlas (SEA-AD),http://dx.doi.org/10.1002/0471684228.egp00471
378,Brain_CxG_Portal,CxG,85c60876-7f35-40c5-a256-7808d84c6ba5.csv,Single-soma transcriptomics of tangle-bearing neurons in Alzheimer’s disease - Excitatory,http://dx.doi.org/10.1101/2020.05.11.088591
379,Parotid_Gland_CxG_Portal,CxG,53d208b0-2cfd-4366-9866-c3c6114081bc.csv,Tabula Sapiens - All Cells,http://dx.doi.org/10.1002/ajmg.a.61700
